filepath,cls,cls_id,split,fold
CleanedFractures/fracture_284.png,CleanedFractures,0,trainval,2
CleanedFractures/fracture_509.png,CleanedFractures,0,test,-1
CleanedFractures/fracture_119.png,CleanedFractures,0,test,-1
CleanedFractures/fracture_440.png,CleanedFractures,0,trainval,4
CleanedFractures/fracture_52.png,CleanedFractures,0,trainval,1
CleanedFractures/fracture_1781.png,CleanedFractures,0,trainval,1
CleanedFractures/fracture_1583.png,CleanedFractures,0,trainval,3
CleanedFractures/fracture_1146.png,CleanedFractures,0,trainval,3
CleanedFractures/fracture_442.png,CleanedFractures,0,trainval,4
CleanedFractures/fracture_86.png,CleanedFractures,0,trainval,2
CleanedFractures/fracture_1184.png,CleanedFractures,0,trainval,1
CleanedFractures/fracture_669.png,CleanedFractures,0,trainval,0
CleanedFractures/fracture_1225.png,CleanedFractures,0,trainval,4
CleanedFractures/fracture_255.png,CleanedFractures,0,trainval,0
CleanedFractures/fracture_725.png,CleanedFractures,0,test,-1
CleanedFractures/fracture_1157.png,CleanedFractures,0,trainval,2
CleanedFractures/fracture_490.png,CleanedFractures,0,trainval,4
CleanedFractures/fracture_650.png,CleanedFractures,0,trainval,1
CleanedFractures/fracture_40.png,CleanedFractures,0,trainval,1
CleanedFractures/fracture_687.png,CleanedFractures,0,trainval,4
CleanedFractures/fracture_256.png,CleanedFractures,0,test,-1
CleanedFractures/fracture_732.png,CleanedFractures,0,test,-1
CleanedFractures/fracture_108.png,CleanedFractures,0,trainval,0
CleanedFractures/fracture_337.png,CleanedFractures,0,test,-1
CleanedFractures/fracture_1431.png,CleanedFractures,0,trainval,1
CleanedFractures/fracture_109.png,CleanedFractures,0,trainval,1
CleanedFractures/fracture_519.png,CleanedFractures,0,trainval,1
CleanedFractures/fracture_378.png,CleanedFractures,0,trainval,2
CleanedFractures/fracture_153.png,CleanedFractures,0,trainval,2
CleanedFractures/fracture_1279.png,CleanedFractures,0,test,-1
CleanedFractures/fracture_555.png,CleanedFractures,0,trainval,1
CleanedFractures/fracture_958.png,CleanedFractures,0,trainval,0
CleanedFractures/fracture_1468.png,CleanedFractures,0,trainval,0
CleanedFractures/fracture_1118.png,CleanedFractures,0,trainval,0
CleanedFractures/fracture_961.png,CleanedFractures,0,trainval,4
CleanedFractures/fracture_752.png,CleanedFractures,0,trainval,0
CleanedFractures/fracture_22.png,CleanedFractures,0,trainval,2
CleanedFractures/fracture_814.png,CleanedFractures,0,test,-1
CleanedFractures/fracture_234.png,CleanedFractures,0,trainval,1
CleanedFractures/fracture_1268.png,CleanedFractures,0,trainval,4
CleanedFractures/fracture_588.png,CleanedFractures,0,trainval,1
CleanedFractures/fracture_1884.png,CleanedFractures,0,trainval,3
CleanedFractures/fracture_774.png,CleanedFractures,0,trainval,1
CleanedFractures/fracture_1714.png,CleanedFractures,0,trainval,4
CleanedFractures/fracture_574.png,CleanedFractures,0,trainval,3
CleanedFractures/fracture_1312.png,CleanedFractures,0,trainval,3
CleanedFractures/fracture_415.png,CleanedFractures,0,trainval,4
CleanedFractures/fracture_171.png,CleanedFractures,0,trainval,3
CleanedFractures/fracture_978.png,CleanedFractures,0,trainval,0
CleanedFractures/fracture_940.png,CleanedFractures,0,trainval,0
CleanedFractures/fracture_996.png,CleanedFractures,0,trainval,0
CleanedFractures/fracture_214.png,CleanedFractures,0,test,-1
CleanedFractures/fracture_1880.png,CleanedFractures,0,test,-1
CleanedFractures/fracture_1499.png,CleanedFractures,0,trainval,4
CleanedFractures/fracture_822.png,CleanedFractures,0,trainval,0
CleanedFractures/fracture_229.png,CleanedFractures,0,trainval,3
CleanedFractures/fracture_528.png,CleanedFractures,0,trainval,1
CleanedFractures/fracture_515.png,CleanedFractures,0,trainval,4
CleanedFractures/fracture_1561.png,CleanedFractures,0,trainval,2
CleanedFractures/fracture_59.png,CleanedFractures,0,trainval,1
CleanedFractures/fracture_675.png,CleanedFractures,0,test,-1
CleanedFractures/fracture_339.png,CleanedFractures,0,trainval,2
CleanedFractures/fracture_304.png,CleanedFractures,0,trainval,0
CleanedFractures/fracture_1214.png,CleanedFractures,0,test,-1
CleanedFractures/fracture_248.png,CleanedFractures,0,trainval,0
CleanedFractures/fracture_857.png,CleanedFractures,0,trainval,1
CleanedFractures/fracture_75.png,CleanedFractures,0,trainval,4
CleanedFractures/fracture_936.png,CleanedFractures,0,trainval,2
CleanedFractures/fracture_1565.png,CleanedFractures,0,trainval,4
CleanedFractures/fracture_1217.png,CleanedFractures,0,trainval,3
CleanedFractures/fracture_539.png,CleanedFractures,0,trainval,2
CleanedFractures/fracture_1001.png,CleanedFractures,0,test,-1
CleanedFractures/fracture_470.png,CleanedFractures,0,trainval,2
CleanedFractures/fracture_1941.png,CleanedFractures,0,trainval,4
CleanedFractures/fracture_706.png,CleanedFractures,0,test,-1
CleanedFractures/fracture_1028.png,CleanedFractures,0,trainval,0
CleanedFractures/fracture_504.png,CleanedFractures,0,trainval,3
CleanedNormals/normal_82.png,CleanedNormals,0,trainval,3
CleanedNormals/normal_83.png,CleanedNormals,0,trainval,0
CleanedNormals/normal_43.png,CleanedNormals,0,trainval,1
CleanedNormals/normal_87.png,CleanedNormals,0,trainval,2
CleanedNormals/normal_50.png,CleanedNormals,0,trainval,2
CleanedNormals/normal_36.png,CleanedNormals,0,test,-1
CleanedNormals/normal_37.png,CleanedNormals,0,trainval,0
CleanedNormals/normal_202.png,CleanedNormals,0,trainval,3
CleanedNormals/normal_203.png,CleanedNormals,0,trainval,2
CleanedNormals/normal_373.png,CleanedNormals,0,test,-1
CleanedNormals/normal_370.png,CleanedNormals,0,test,-1
CleanedNormals/normal_221.png,CleanedNormals,0,trainval,2
CleanedNormals/normal_369.png,CleanedNormals,0,trainval,2
CleanedNormals/normal_16.png,CleanedNormals,0,trainval,0
CleanedNormals/normal_14.png,CleanedNormals,0,test,-1
CleanedNormals/normal_223.png,CleanedNormals,0,test,-1
CleanedNormals/normal_0.png,CleanedNormals,0,trainval,0
CleanedNormals/normal_39.png,CleanedNormals,0,trainval,4
CleanedNormals/normal_135.png,CleanedNormals,0,trainval,2
CleanedNormals/normal_337.png,CleanedNormals,0,test,-1
CleanedNormals/normal_336.png,CleanedNormals,0,trainval,3
CleanedNormals/normal_61.png,CleanedNormals,0,test,-1
CleanedNormals/normal_335.png,CleanedNormals,0,trainval,3
CleanedNormals/normal_137.png,CleanedNormals,0,trainval,3
CleanedNormals/normal_123.png,CleanedNormals,0,trainval,4
CleanedNormals/normal_127.png,CleanedNormals,0,test,-1
CleanedNormals/normal_72.png,CleanedNormals,0,trainval,1
CleanedNormals/normal_59.png,CleanedNormals,0,trainval,3
CleanedNormals/normal_71.png,CleanedNormals,0,trainval,3
CleanedNormals/normal_70.png,CleanedNormals,0,trainval,3
CleanedNormals/normal_125.png,CleanedNormals,0,trainval,4
